anim,dir,frame,src_walk_ready_frame,head_dx,head_dy,torso_dx,torso_dy,butt_dx,lift,scale_x,scale_y
dash,se,0,4,1,2,0,1,0,0,1.0,1.0
dash,se,1,0,2,3,1,2,0,0,1.0,1.0
dash,se,2,0,3,3,1,2,0,0,1.0,1.0
dash,se,3,4,3,3,1,2,0,0,1.0,1.0
dash,se,4,0,-1,1,0,1,0,0,1.0,1.0
dash,se,5,4,0,1,0,1,0,0,1.0,1.0
dash,se,6,4,0,0,0,0,0,0,1.0,1.0
dash,e,0,4,1,2,0,1,0,0,1.0,1.0
dash,e,1,0,2,3,1,2,0,0,1.0,1.0
dash,e,2,0,3,3,1,2,0,0,1.0,1.0
dash,e,3,4,3,3,1,2,0,0,1.0,1.0
dash,e,4,0,-1,1,0,1,0,0,1.0,1.0
dash,e,5,4,0,1,0,1,0,0,1.0,1.0
dash,e,6,4,0,0,0,0,0,0,1.0,1.0
dash,s,0,1,0,2,0,1,0,0,1.0,1.0
dash,s,1,5,0,3,0,2,0,0,1.0,1.0
dash,s,2,5,0,4,0,2,0,0,1.0,1.0
dash,s,3,1,0,4,0,2,0,0,1.0,1.0
dash,s,4,5,0,1,0,1,0,0,1.0,1.0
dash,s,5,1,0,1,0,1,0,0,1.0,1.0
dash,s,6,1,0,0,0,0,0,0,1.0,1.0
dash,sw,0,4,-1,2,0,1,0,0,1.0,1.0
dash,sw,1,0,-2,3,-1,2,0,0,1.0,1.0
dash,sw,2,0,-3,3,-1,2,0,0,1.0,1.0
dash,sw,3,4,-3,3,-1,2,0,0,1.0,1.0
dash,sw,4,0,1,1,0,1,0,0,1.0,1.0
dash,sw,5,4,0,1,0,1,0,0,1.0,1.0
dash,sw,6,4,0,0,0,0,0,0,1.0,1.0
dash,w,0,4,-1,2,0,1,0,0,1.0,1.0
dash,w,1,0,-2,3,-1,2,0,0,1.0,1.0
dash,w,2,0,-3,3,-1,2,0,0,1.0,1.0
dash,w,3,4,-3,3,-1,2,0,0,1.0,1.0
dash,w,4,0,1,1,0,1,0,0,1.0,1.0
dash,w,5,4,0,1,0,1,0,0,1.0,1.0
dash,w,6,4,0,0,0,0,0,0,1.0,1.0
dash,nw,0,1,-1,1,0,1,0,0,1.0,1.0
dash,nw,1,6,-2,0,0,1,1,0,1.0,1.0
dash,nw,2,6,-3,0,0,1,1,0,1.0,1.0
dash,nw,3,2,-3,0,0,1,1,0,1.0,1.0
dash,nw,4,6,1,1,0,1,0,0,1.0,1.0
dash,nw,5,1,0,1,0,1,0,0,1.0,1.0
dash,nw,6,1,0,0,0,0,0,0,1.0,1.0
dash,n,0,1,0,1,0,1,0,0,1.0,1.0
dash,n,1,5,0,0,0,0,0,0,1.0,1.0
dash,n,2,5,0,0,0,0,0,0,1.0,1.0
dash,n,3,1,0,0,0,0,0,0,1.0,1.0
dash,n,4,5,0,1,0,1,0,0,1.0,1.0
dash,n,5,1,0,1,0,1,0,0,1.0,1.0
dash,n,6,1,0,0,0,0,0,0,1.0,1.0
dash,ne,0,1,1,1,0,1,0,0,1.0,1.0
dash,ne,1,6,2,0,0,1,-1,0,1.0,1.0
dash,ne,2,6,3,0,0,1,-1,0,1.0,1.0
dash,ne,3,2,3,0,0,1,-1,0,1.0,1.0
dash,ne,4,6,-1,1,0,1,0,0,1.0,1.0
dash,ne,5,1,0,1,0,1,0,0,1.0,1.0
dash,ne,6,1,0,0,0,0,0,0,1.0,1.0
charge-start,se,0,4,1,2,0,1,0,0,1.0,1.0
charge-start,se,1,0,2,3,1,2,0,0,1.0,1.0
charge-start,e,0,4,1,2,0,1,0,0,1.0,1.0
charge-start,e,1,0,2,3,1,2,0,0,1.0,1.0
charge-start,s,0,1,0,2,0,1,0,0,1.0,1.0
charge-start,s,1,5,0,3,0,2,0,0,1.0,1.0
charge-start,sw,0,4,-1,2,0,1,0,0,1.0,1.0
charge-start,sw,1,0,-2,3,-1,2,0,0,1.0,1.0
charge-start,w,0,4,-1,2,0,1,0,0,1.0,1.0
charge-start,w,1,0,-2,3,-1,2,0,0,1.0,1.0
charge-start,nw,0,1,-1,1,0,1,0,0,1.0,1.0
charge-start,nw,1,6,-2,0,0,1,1,0,1.0,1.0
charge-start,n,0,1,0,1,0,1,0,0,1.0,1.0
charge-start,n,1,5,0,0,0,0,0,0,1.0,1.0
charge-start,ne,0,1,1,1,0,1,0,0,1.0,1.0
charge-start,ne,1,6,2,0,0,1,-1,0,1.0,1.0
charge-loop,se,0,0,2,3,1,2,0,0,1.0,1.0
charge-loop,se,1,1,2,3,1,2,0,0,1.0,1.0
charge-loop,se,2,2,2,3,1,2,0,0,1.0,1.0
charge-loop,se,3,3,2,3,1,2,0,0,1.0,1.0
charge-loop,se,4,4,2,3,1,2,0,0,1.0,1.0
charge-loop,se,5,5,2,3,1,2,0,0,1.0,1.0
charge-loop,se,6,6,2,3,1,2,0,0,1.0,1.0
charge-loop,se,7,7,2,3,1,2,0,0,1.0,1.0
charge-loop,e,0,0,2,3,1,2,0,0,1.0,1.0
charge-loop,e,1,1,2,3,1,2,0,0,1.0,1.0
charge-loop,e,2,2,2,3,1,2,0,0,1.0,1.0
charge-loop,e,3,3,2,3,1,2,0,0,1.0,1.0
charge-loop,e,4,4,2,3,1,2,0,0,1.0,1.0
charge-loop,e,5,5,2,3,1,2,0,0,1.0,1.0
charge-loop,e,6,6,2,3,1,2,0,0,1.0,1.0
charge-loop,e,7,7,2,3,1,2,0,0,1.0,1.0
charge-loop,s,0,0,0,3,0,2,0,0,1.0,1.0
charge-loop,s,1,1,0,3,0,2,0,0,1.0,1.0
charge-loop,s,2,2,0,3,0,2,0,0,1.0,1.0
charge-loop,s,3,3,0,3,0,2,0,0,1.0,1.0
charge-loop,s,4,4,0,3,0,2,0,0,1.0,1.0
charge-loop,s,5,5,0,3,0,2,0,0,1.0,1.0
charge-loop,s,6,6,0,3,0,2,0,0,1.0,1.0
charge-loop,s,7,7,0,3,0,2,0,0,1.0,1.0
charge-loop,sw,0,0,-2,3,-1,2,0,0,1.0,1.0
charge-loop,sw,1,1,-2,3,-1,2,0,0,1.0,1.0
charge-loop,sw,2,2,-2,3,-1,2,0,0,1.0,1.0
charge-loop,sw,3,3,-2,3,-1,2,0,0,1.0,1.0
charge-loop,sw,4,4,-2,3,-1,2,0,0,1.0,1.0
charge-loop,sw,5,5,-2,3,-1,2,0,0,1.0,1.0
charge-loop,sw,6,6,-2,3,-1,2,0,0,1.0,1.0
charge-loop,sw,7,7,-2,3,-1,2,0,0,1.0,1.0
charge-loop,w,0,0,-2,3,-1,2,0,0,1.0,1.0
charge-loop,w,1,1,-2,3,-1,2,0,0,1.0,1.0
charge-loop,w,2,2,-2,3,-1,2,0,0,1.0,1.0
charge-loop,w,3,3,-2,3,-1,2,0,0,1.0,1.0
charge-loop,w,4,4,-2,3,-1,2,0,0,1.0,1.0
charge-loop,w,5,5,-2,3,-1,2,0,0,1.0,1.0
charge-loop,w,6,6,-2,3,-1,2,0,0,1.0,1.0
charge-loop,w,7,7,-2,3,-1,2,0,0,1.0,1.0
charge-loop,nw,0,0,-2,0,0,1,1,0,1.0,1.0
charge-loop,nw,1,1,-2,0,0,1,1,0,1.0,1.0
charge-loop,nw,2,2,-2,0,0,1,1,0,1.0,1.0
charge-loop,nw,3,3,-2,0,0,1,1,0,1.0,1.0
charge-loop,nw,4,4,-2,0,0,1,1,0,1.0,1.0
charge-loop,nw,5,5,-2,0,0,1,1,0,1.0,1.0
charge-loop,nw,6,6,-2,0,0,1,1,0,1.0,1.0
charge-loop,nw,7,7,-2,0,0,1,1,0,1.0,1.0
charge-loop,n,0,0,0,0,0,0,0,0,1.0,1.0
charge-loop,n,1,1,0,0,0,0,0,0,1.0,1.0
charge-loop,n,2,2,0,0,0,0,0,0,1.0,1.0
charge-loop,n,3,3,0,0,0,0,0,0,1.0,1.0
charge-loop,n,4,4,0,0,0,0,0,0,1.0,1.0
charge-loop,n,5,5,0,0,0,0,0,0,1.0,1.0
charge-loop,n,6,6,0,0,0,0,0,0,1.0,1.0
charge-loop,n,7,7,0,0,0,0,0,0,1.0,1.0
charge-loop,ne,0,0,2,0,0,1,-1,0,1.0,1.0
charge-loop,ne,1,1,2,0,0,1,-1,0,1.0,1.0
charge-loop,ne,2,2,2,0,0,1,-1,0,1.0,1.0
charge-loop,ne,3,3,2,0,0,1,-1,0,1.0,1.0
charge-loop,ne,4,4,2,0,0,1,-1,0,1.0,1.0
charge-loop,ne,5,5,2,0,0,1,-1,0,1.0,1.0
charge-loop,ne,6,6,2,0,0,1,-1,0,1.0,1.0
charge-loop,ne,7,7,2,0,0,1,-1,0,1.0,1.0
charge-end,se,0,0,-1,1,0,1,0,0,1.0,1.0
charge-end,se,1,4,0,1,0,1,0,0,1.0,1.0
charge-end,se,2,4,0,0,0,0,0,0,1.0,1.0
charge-end,e,0,0,-1,1,0,1,0,0,1.0,1.0
charge-end,e,1,4,0,1,0,1,0,0,1.0,1.0
charge-end,e,2,4,0,0,0,0,0,0,1.0,1.0
charge-end,s,0,5,0,1,0,1,0,0,1.0,1.0
charge-end,s,1,1,0,1,0,1,0,0,1.0,1.0
charge-end,s,2,1,0,0,0,0,0,0,1.0,1.0
charge-end,sw,0,0,1,1,0,1,0,0,1.0,1.0
charge-end,sw,1,4,0,1,0,1,0,0,1.0,1.0
charge-end,sw,2,4,0,0,0,0,0,0,1.0,1.0
charge-end,w,0,0,1,1,0,1,0,0,1.0,1.0
charge-end,w,1,4,0,1,0,1,0,0,1.0,1.0
charge-end,w,2,4,0,0,0,0,0,0,1.0,1.0
charge-end,nw,0,6,1,1,0,1,0,0,1.0,1.0
charge-end,nw,1,1,0,1,0,1,0,0,1.0,1.0
charge-end,nw,2,1,0,0,0,0,0,0,1.0,1.0
charge-end,n,0,5,0,1,0,1,0,0,1.0,1.0
charge-end,n,1,1,0,1,0,1,0,0,1.0,1.0
charge-end,n,2,1,0,0,0,0,0,0,1.0,1.0
charge-end,ne,0,6,-1,1,0,1,0,0,1.0,1.0
charge-end,ne,1,1,0,1,0,1,0,0,1.0,1.0
charge-end,ne,2,1,0,0,0,0,0,0,1.0,1.0
