file,cell_w,cell_h,frames,fps,loop,anchor_x,anchor_y
npc-tanod-idle-s.png,32,48,6,6,yes,16,47
npc-tanod-idle-se.png,32,48,6,6,yes,16,47
npc-tanod-idle-e.png,32,48,6,6,yes,16,47
npc-tanod-idle-ne.png,32,48,6,6,yes,16,47
npc-tanod-idle-n.png,32,48,6,6,yes,16,47
npc-tanod-idle-nw.png,32,48,6,6,yes,16,47
npc-tanod-idle-w.png,32,48,6,6,yes,16,47
npc-tanod-idle-sw.png,32,48,6,6,yes,16,47
npc-tanod-walk-s.png,32,48,8,12,yes,16,47
npc-tanod-walk-se.png,32,48,8,12,yes,16,47
npc-tanod-walk-e.png,32,48,8,12,yes,16,47
npc-tanod-walk-ne.png,32,48,8,12,yes,16,47
npc-tanod-walk-n.png,32,48,8,12,yes,16,47
npc-tanod-walk-nw.png,32,48,8,12,yes,16,47
npc-tanod-walk-w.png,32,48,8,12,yes,16,47
npc-tanod-walk-sw.png,32,48,8,12,yes,16,47
npc-tanod-wave-s.png,32,48,8,10,no,16,47
npc-tanod-wave-se.png,32,48,8,10,no,16,47
npc-tanod-wave-e.png,32,48,8,10,no,16,47
npc-tanod-wave-ne.png,32,48,8,10,no,16,47
npc-tanod-wave-n.png,32,48,8,10,no,16,47
npc-tanod-wave-nw.png,32,48,8,10,no,16,47
npc-tanod-wave-w.png,32,48,8,10,no,16,47
npc-tanod-wave-sw.png,32,48,8,10,no,16,47
npc-tanod-cheer-s.png,32,48,8,10,no,16,47
npc-tanod-cheer-se.png,32,48,8,10,no,16,47
npc-tanod-cheer-e.png,32,48,8,10,no,16,47
npc-tanod-cheer-ne.png,32,48,8,10,no,16,47
npc-tanod-cheer-n.png,32,48,8,10,no,16,47
npc-tanod-cheer-nw.png,32,48,8,10,no,16,47
npc-tanod-cheer-w.png,32,48,8,10,no,16,47
npc-tanod-cheer-sw.png,32,48,8,10,no,16,47
npc-tanod-whistle-s.png,32,48,8,10,no,16,47
npc-tanod-whistle-se.png,32,48,8,10,no,16,47
npc-tanod-whistle-e.png,32,48,8,10,no,16,47
npc-tanod-whistle-ne.png,32,48,8,10,no,16,47
npc-tanod-whistle-n.png,32,48,8,10,no,16,47
npc-tanod-whistle-nw.png,32,48,8,10,no,16,47
npc-tanod-whistle-w.png,32,48,8,10,no,16,47
npc-tanod-whistle-sw.png,32,48,8,10,no,16,47
npc-marites-idle-s.png,32,48,6,6,yes,16,47
npc-marites-idle-se.png,32,48,6,6,yes,16,47
npc-marites-idle-e.png,32,48,6,6,yes,16,47
npc-marites-idle-ne.png,32,48,6,6,yes,16,47
npc-marites-idle-n.png,32,48,6,6,yes,16,47
npc-marites-idle-nw.png,32,48,6,6,yes,16,47
npc-marites-idle-w.png,32,48,6,6,yes,16,47
npc-marites-idle-sw.png,32,48,6,6,yes,16,47
npc-marites-walk-s.png,32,48,8,12,yes,16,47
npc-marites-walk-se.png,32,48,8,12,yes,16,47
npc-marites-walk-e.png,32,48,8,12,yes,16,47
npc-marites-walk-ne.png,32,48,8,12,yes,16,47
npc-marites-walk-n.png,32,48,8,12,yes,16,47
npc-marites-walk-nw.png,32,48,8,12,yes,16,47
npc-marites-walk-w.png,32,48,8,12,yes,16,47
npc-marites-walk-sw.png,32,48,8,12,yes,16,47
npc-marites-wave-s.png,32,48,8,10,no,16,47
npc-marites-wave-se.png,32,48,8,10,no,16,47
npc-marites-wave-e.png,32,48,8,10,no,16,47
npc-marites-wave-ne.png,32,48,8,10,no,16,47
npc-marites-wave-n.png,32,48,8,10,no,16,47
npc-marites-wave-nw.png,32,48,8,10,no,16,47
npc-marites-wave-w.png,32,48,8,10,no,16,47
npc-marites-wave-sw.png,32,48,8,10,no,16,47
npc-marites-cheer-s.png,32,48,8,10,no,16,47
npc-marites-cheer-se.png,32,48,8,10,no,16,47
npc-marites-cheer-e.png,32,48,8,10,no,16,47
npc-marites-cheer-ne.png,32,48,8,10,no,16,47
npc-marites-cheer-n.png,32,48,8,10,no,16,47
npc-marites-cheer-nw.png,32,48,8,10,no,16,47
npc-marites-cheer-w.png,32,48,8,10,no,16,47
npc-marites-cheer-sw.png,32,48,8,10,no,16,47
npc-nena-idle-s.png,32,48,6,6,yes,16,47
npc-nena-idle-se.png,32,48,6,6,yes,16,47
npc-nena-idle-e.png,32,48,6,6,yes,16,47
npc-nena-idle-ne.png,32,48,6,6,yes,16,47
npc-nena-idle-n.png,32,48,6,6,yes,16,47
npc-nena-idle-nw.png,32,48,6,6,yes,16,47
npc-nena-idle-w.png,32,48,6,6,yes,16,47
npc-nena-idle-sw.png,32,48,6,6,yes,16,47
npc-nena-walk-s.png,32,48,8,12,yes,16,47
npc-nena-walk-se.png,32,48,8,12,yes,16,47
npc-nena-walk-e.png,32,48,8,12,yes,16,47
npc-nena-walk-ne.png,32,48,8,12,yes,16,47
npc-nena-walk-n.png,32,48,8,12,yes,16,47
npc-nena-walk-nw.png,32,48,8,12,yes,16,47
npc-nena-walk-w.png,32,48,8,12,yes,16,47
npc-nena-walk-sw.png,32,48,8,12,yes,16,47
npc-nena-wave-s.png,32,48,8,10,no,16,47
npc-nena-wave-se.png,32,48,8,10,no,16,47
npc-nena-wave-e.png,32,48,8,10,no,16,47
npc-nena-wave-ne.png,32,48,8,10,no,16,47
npc-nena-wave-n.png,32,48,8,10,no,16,47
npc-nena-wave-nw.png,32,48,8,10,no,16,47
npc-nena-wave-w.png,32,48,8,10,no,16,47
npc-nena-wave-sw.png,32,48,8,10,no,16,47
npc-nena-cheer-s.png,32,48,8,10,no,16,47
npc-nena-cheer-se.png,32,48,8,10,no,16,47
npc-nena-cheer-e.png,32,48,8,10,no,16,47
npc-nena-cheer-ne.png,32,48,8,10,no,16,47
npc-nena-cheer-n.png,32,48,8,10,no,16,47
npc-nena-cheer-nw.png,32,48,8,10,no,16,47
npc-nena-cheer-w.png,32,48,8,10,no,16,47
npc-nena-cheer-sw.png,32,48,8,10,no,16,47
npc-puring-idle-s.png,32,48,6,6,yes,16,47
npc-puring-idle-se.png,32,48,6,6,yes,16,47
npc-puring-idle-e.png,32,48,6,6,yes,16,47
npc-puring-idle-ne.png,32,48,6,6,yes,16,47
npc-puring-idle-n.png,32,48,6,6,yes,16,47
npc-puring-idle-nw.png,32,48,6,6,yes,16,47
npc-puring-idle-w.png,32,48,6,6,yes,16,47
npc-puring-idle-sw.png,32,48,6,6,yes,16,47
npc-puring-walk-s.png,32,48,8,12,yes,16,47
npc-puring-walk-se.png,32,48,8,12,yes,16,47
npc-puring-walk-e.png,32,48,8,12,yes,16,47
npc-puring-walk-ne.png,32,48,8,12,yes,16,47
npc-puring-walk-n.png,32,48,8,12,yes,16,47
npc-puring-walk-nw.png,32,48,8,12,yes,16,47
npc-puring-walk-w.png,32,48,8,12,yes,16,47
npc-puring-walk-sw.png,32,48,8,12,yes,16,47
npc-puring-wave-s.png,32,48,8,10,no,16,47
npc-puring-wave-se.png,32,48,8,10,no,16,47
npc-puring-wave-e.png,32,48,8,10,no,16,47
npc-puring-wave-ne.png,32,48,8,10,no,16,47
npc-puring-wave-n.png,32,48,8,10,no,16,47
npc-puring-wave-nw.png,32,48,8,10,no,16,47
npc-puring-wave-w.png,32,48,8,10,no,16,47
npc-puring-wave-sw.png,32,48,8,10,no,16,47
npc-puring-cheer-s.png,32,48,8,10,no,16,47
npc-puring-cheer-se.png,32,48,8,10,no,16,47
npc-puring-cheer-e.png,32,48,8,10,no,16,47
npc-puring-cheer-ne.png,32,48,8,10,no,16,47
npc-puring-cheer-n.png,32,48,8,10,no,16,47
npc-puring-cheer-nw.png,32,48,8,10,no,16,47
npc-puring-cheer-w.png,32,48,8,10,no,16,47
npc-puring-cheer-sw.png,32,48,8,10,no,16,47
npc-tessie-idle-s.png,32,48,6,6,yes,16,47
npc-tessie-idle-se.png,32,48,6,6,yes,16,47
npc-tessie-idle-e.png,32,48,6,6,yes,16,47
npc-tessie-idle-ne.png,32,48,6,6,yes,16,47
npc-tessie-idle-n.png,32,48,6,6,yes,16,47
npc-tessie-idle-nw.png,32,48,6,6,yes,16,47
npc-tessie-idle-w.png,32,48,6,6,yes,16,47
npc-tessie-idle-sw.png,32,48,6,6,yes,16,47
npc-tessie-walk-s.png,32,48,8,12,yes,16,47
npc-tessie-walk-se.png,32,48,8,12,yes,16,47
npc-tessie-walk-e.png,32,48,8,12,yes,16,47
npc-tessie-walk-ne.png,32,48,8,12,yes,16,47
npc-tessie-walk-n.png,32,48,8,12,yes,16,47
npc-tessie-walk-nw.png,32,48,8,12,yes,16,47
npc-tessie-walk-w.png,32,48,8,12,yes,16,47
npc-tessie-walk-sw.png,32,48,8,12,yes,16,47
npc-tessie-wave-s.png,32,48,8,10,no,16,47
npc-tessie-wave-se.png,32,48,8,10,no,16,47
npc-tessie-wave-e.png,32,48,8,10,no,16,47
npc-tessie-wave-ne.png,32,48,8,10,no,16,47
npc-tessie-wave-n.png,32,48,8,10,no,16,47
npc-tessie-wave-nw.png,32,48,8,10,no,16,47
npc-tessie-wave-w.png,32,48,8,10,no,16,47
npc-tessie-wave-sw.png,32,48,8,10,no,16,47
npc-tessie-cheer-s.png,32,48,8,10,no,16,47
npc-tessie-cheer-se.png,32,48,8,10,no,16,47
npc-tessie-cheer-e.png,32,48,8,10,no,16,47
npc-tessie-cheer-ne.png,32,48,8,10,no,16,47
npc-tessie-cheer-n.png,32,48,8,10,no,16,47
npc-tessie-cheer-nw.png,32,48,8,10,no,16,47
npc-tessie-cheer-w.png,32,48,8,10,no,16,47
npc-tessie-cheer-sw.png,32,48,8,10,no,16,47
npc-dolor-idle-s.png,32,48,6,6,yes,16,47
npc-dolor-idle-se.png,32,48,6,6,yes,16,47
npc-dolor-idle-e.png,32,48,6,6,yes,16,47
npc-dolor-idle-ne.png,32,48,6,6,yes,16,47
npc-dolor-idle-n.png,32,48,6,6,yes,16,47
npc-dolor-idle-nw.png,32,48,6,6,yes,16,47
npc-dolor-idle-w.png,32,48,6,6,yes,16,47
npc-dolor-idle-sw.png,32,48,6,6,yes,16,47
npc-dolor-walk-s.png,32,48,8,12,yes,16,47
npc-dolor-walk-se.png,32,48,8,12,yes,16,47
npc-dolor-walk-e.png,32,48,8,12,yes,16,47
npc-dolor-walk-ne.png,32,48,8,12,yes,16,47
npc-dolor-walk-n.png,32,48,8,12,yes,16,47
npc-dolor-walk-nw.png,32,48,8,12,yes,16,47
npc-dolor-walk-w.png,32,48,8,12,yes,16,47
npc-dolor-walk-sw.png,32,48,8,12,yes,16,47
npc-dolor-wave-s.png,32,48,8,10,no,16,47
npc-dolor-wave-se.png,32,48,8,10,no,16,47
npc-dolor-wave-e.png,32,48,8,10,no,16,47
npc-dolor-wave-ne.png,32,48,8,10,no,16,47
npc-dolor-wave-n.png,32,48,8,10,no,16,47
npc-dolor-wave-nw.png,32,48,8,10,no,16,47
npc-dolor-wave-w.png,32,48,8,10,no,16,47
npc-dolor-wave-sw.png,32,48,8,10,no,16,47
npc-dolor-cheer-s.png,32,48,8,10,no,16,47
npc-dolor-cheer-se.png,32,48,8,10,no,16,47
npc-dolor-cheer-e.png,32,48,8,10,no,16,47
npc-dolor-cheer-ne.png,32,48,8,10,no,16,47
npc-dolor-cheer-n.png,32,48,8,10,no,16,47
npc-dolor-cheer-nw.png,32,48,8,10,no,16,47
npc-dolor-cheer-w.png,32,48,8,10,no,16,47
npc-dolor-cheer-sw.png,32,48,8,10,no,16,47
npc-bebang-idle-s.png,32,48,6,6,yes,16,47
npc-bebang-idle-se.png,32,48,6,6,yes,16,47
npc-bebang-idle-e.png,32,48,6,6,yes,16,47
npc-bebang-idle-ne.png,32,48,6,6,yes,16,47
npc-bebang-idle-n.png,32,48,6,6,yes,16,47
npc-bebang-idle-nw.png,32,48,6,6,yes,16,47
npc-bebang-idle-w.png,32,48,6,6,yes,16,47
npc-bebang-idle-sw.png,32,48,6,6,yes,16,47
npc-bebang-walk-s.png,32,48,8,12,yes,16,47
npc-bebang-walk-se.png,32,48,8,12,yes,16,47
npc-bebang-walk-e.png,32,48,8,12,yes,16,47
npc-bebang-walk-ne.png,32,48,8,12,yes,16,47
npc-bebang-walk-n.png,32,48,8,12,yes,16,47
npc-bebang-walk-nw.png,32,48,8,12,yes,16,47
npc-bebang-walk-w.png,32,48,8,12,yes,16,47
npc-bebang-walk-sw.png,32,48,8,12,yes,16,47
npc-bebang-wave-s.png,32,48,8,10,no,16,47
npc-bebang-wave-se.png,32,48,8,10,no,16,47
npc-bebang-wave-e.png,32,48,8,10,no,16,47
npc-bebang-wave-ne.png,32,48,8,10,no,16,47
npc-bebang-wave-n.png,32,48,8,10,no,16,47
npc-bebang-wave-nw.png,32,48,8,10,no,16,47
npc-bebang-wave-w.png,32,48,8,10,no,16,47
npc-bebang-wave-sw.png,32,48,8,10,no,16,47
npc-bebang-cheer-s.png,32,48,8,10,no,16,47
npc-bebang-cheer-se.png,32,48,8,10,no,16,47
npc-bebang-cheer-e.png,32,48,8,10,no,16,47
npc-bebang-cheer-ne.png,32,48,8,10,no,16,47
npc-bebang-cheer-n.png,32,48,8,10,no,16,47
npc-bebang-cheer-nw.png,32,48,8,10,no,16,47
npc-bebang-cheer-w.png,32,48,8,10,no,16,47
npc-bebang-cheer-sw.png,32,48,8,10,no,16,47
npc-charing-idle-s.png,32,48,6,6,yes,16,47
npc-charing-idle-se.png,32,48,6,6,yes,16,47
npc-charing-idle-e.png,32,48,6,6,yes,16,47
npc-charing-idle-ne.png,32,48,6,6,yes,16,47
npc-charing-idle-n.png,32,48,6,6,yes,16,47
npc-charing-idle-nw.png,32,48,6,6,yes,16,47
npc-charing-idle-w.png,32,48,6,6,yes,16,47
npc-charing-idle-sw.png,32,48,6,6,yes,16,47
npc-charing-walk-s.png,32,48,8,12,yes,16,47
npc-charing-walk-se.png,32,48,8,12,yes,16,47
npc-charing-walk-e.png,32,48,8,12,yes,16,47
npc-charing-walk-ne.png,32,48,8,12,yes,16,47
npc-charing-walk-n.png,32,48,8,12,yes,16,47
npc-charing-walk-nw.png,32,48,8,12,yes,16,47
npc-charing-walk-w.png,32,48,8,12,yes,16,47
npc-charing-walk-sw.png,32,48,8,12,yes,16,47
npc-charing-wave-s.png,32,48,8,10,no,16,47
npc-charing-wave-se.png,32,48,8,10,no,16,47
npc-charing-wave-e.png,32,48,8,10,no,16,47
npc-charing-wave-ne.png,32,48,8,10,no,16,47
npc-charing-wave-n.png,32,48,8,10,no,16,47
npc-charing-wave-nw.png,32,48,8,10,no,16,47
npc-charing-wave-w.png,32,48,8,10,no,16,47
npc-charing-wave-sw.png,32,48,8,10,no,16,47
npc-charing-cheer-s.png,32,48,8,10,no,16,47
npc-charing-cheer-se.png,32,48,8,10,no,16,47
npc-charing-cheer-e.png,32,48,8,10,no,16,47
npc-charing-cheer-ne.png,32,48,8,10,no,16,47
npc-charing-cheer-n.png,32,48,8,10,no,16,47
npc-charing-cheer-nw.png,32,48,8,10,no,16,47
npc-charing-cheer-w.png,32,48,8,10,no,16,47
npc-charing-cheer-sw.png,32,48,8,10,no,16,47
npc-lourdes-idle-s.png,32,48,6,6,yes,16,47
npc-lourdes-idle-se.png,32,48,6,6,yes,16,47
npc-lourdes-idle-e.png,32,48,6,6,yes,16,47
npc-lourdes-idle-ne.png,32,48,6,6,yes,16,47
npc-lourdes-idle-n.png,32,48,6,6,yes,16,47
npc-lourdes-idle-nw.png,32,48,6,6,yes,16,47
npc-lourdes-idle-w.png,32,48,6,6,yes,16,47
npc-lourdes-idle-sw.png,32,48,6,6,yes,16,47
npc-lourdes-walk-s.png,32,48,8,12,yes,16,47
npc-lourdes-walk-se.png,32,48,8,12,yes,16,47
npc-lourdes-walk-e.png,32,48,8,12,yes,16,47
npc-lourdes-walk-ne.png,32,48,8,12,yes,16,47
npc-lourdes-walk-n.png,32,48,8,12,yes,16,47
npc-lourdes-walk-nw.png,32,48,8,12,yes,16,47
npc-lourdes-walk-w.png,32,48,8,12,yes,16,47
npc-lourdes-walk-sw.png,32,48,8,12,yes,16,47
npc-lourdes-wave-s.png,32,48,8,10,no,16,47
npc-lourdes-wave-se.png,32,48,8,10,no,16,47
npc-lourdes-wave-e.png,32,48,8,10,no,16,47
npc-lourdes-wave-ne.png,32,48,8,10,no,16,47
npc-lourdes-wave-n.png,32,48,8,10,no,16,47
npc-lourdes-wave-nw.png,32,48,8,10,no,16,47
npc-lourdes-wave-w.png,32,48,8,10,no,16,47
npc-lourdes-wave-sw.png,32,48,8,10,no,16,47
npc-lourdes-cheer-s.png,32,48,8,10,no,16,47
npc-lourdes-cheer-se.png,32,48,8,10,no,16,47
npc-lourdes-cheer-e.png,32,48,8,10,no,16,47
npc-lourdes-cheer-ne.png,32,48,8,10,no,16,47
npc-lourdes-cheer-n.png,32,48,8,10,no,16,47
npc-lourdes-cheer-nw.png,32,48,8,10,no,16,47
npc-lourdes-cheer-w.png,32,48,8,10,no,16,47
npc-lourdes-cheer-sw.png,32,48,8,10,no,16,47
npc-pacita-idle-s.png,32,48,6,6,yes,16,47
npc-pacita-idle-se.png,32,48,6,6,yes,16,47
npc-pacita-idle-e.png,32,48,6,6,yes,16,47
npc-pacita-idle-ne.png,32,48,6,6,yes,16,47
npc-pacita-idle-n.png,32,48,6,6,yes,16,47
npc-pacita-idle-nw.png,32,48,6,6,yes,16,47
npc-pacita-idle-w.png,32,48,6,6,yes,16,47
npc-pacita-idle-sw.png,32,48,6,6,yes,16,47
npc-pacita-walk-s.png,32,48,8,12,yes,16,47
npc-pacita-walk-se.png,32,48,8,12,yes,16,47
npc-pacita-walk-e.png,32,48,8,12,yes,16,47
npc-pacita-walk-ne.png,32,48,8,12,yes,16,47
npc-pacita-walk-n.png,32,48,8,12,yes,16,47
npc-pacita-walk-nw.png,32,48,8,12,yes,16,47
npc-pacita-walk-w.png,32,48,8,12,yes,16,47
npc-pacita-walk-sw.png,32,48,8,12,yes,16,47
npc-pacita-wave-s.png,32,48,8,10,no,16,47
npc-pacita-wave-se.png,32,48,8,10,no,16,47
npc-pacita-wave-e.png,32,48,8,10,no,16,47
npc-pacita-wave-ne.png,32,48,8,10,no,16,47
npc-pacita-wave-n.png,32,48,8,10,no,16,47
npc-pacita-wave-nw.png,32,48,8,10,no,16,47
npc-pacita-wave-w.png,32,48,8,10,no,16,47
npc-pacita-wave-sw.png,32,48,8,10,no,16,47
npc-pacita-cheer-s.png,32,48,8,10,no,16,47
npc-pacita-cheer-se.png,32,48,8,10,no,16,47
npc-pacita-cheer-e.png,32,48,8,10,no,16,47
npc-pacita-cheer-ne.png,32,48,8,10,no,16,47
npc-pacita-cheer-n.png,32,48,8,10,no,16,47
npc-pacita-cheer-nw.png,32,48,8,10,no,16,47
npc-pacita-cheer-w.png,32,48,8,10,no,16,47
npc-pacita-cheer-sw.png,32,48,8,10,no,16,47
npc-rosing-idle-s.png,32,48,6,6,yes,16,47
npc-rosing-idle-se.png,32,48,6,6,yes,16,47
npc-rosing-idle-e.png,32,48,6,6,yes,16,47
npc-rosing-idle-ne.png,32,48,6,6,yes,16,47
npc-rosing-idle-n.png,32,48,6,6,yes,16,47
npc-rosing-idle-nw.png,32,48,6,6,yes,16,47
npc-rosing-idle-w.png,32,48,6,6,yes,16,47
npc-rosing-idle-sw.png,32,48,6,6,yes,16,47
npc-rosing-walk-s.png,32,48,8,12,yes,16,47
npc-rosing-walk-se.png,32,48,8,12,yes,16,47
npc-rosing-walk-e.png,32,48,8,12,yes,16,47
npc-rosing-walk-ne.png,32,48,8,12,yes,16,47
npc-rosing-walk-n.png,32,48,8,12,yes,16,47
npc-rosing-walk-nw.png,32,48,8,12,yes,16,47
npc-rosing-walk-w.png,32,48,8,12,yes,16,47
npc-rosing-walk-sw.png,32,48,8,12,yes,16,47
npc-rosing-wave-s.png,32,48,8,10,no,16,47
npc-rosing-wave-se.png,32,48,8,10,no,16,47
npc-rosing-wave-e.png,32,48,8,10,no,16,47
npc-rosing-wave-ne.png,32,48,8,10,no,16,47
npc-rosing-wave-n.png,32,48,8,10,no,16,47
npc-rosing-wave-nw.png,32,48,8,10,no,16,47
npc-rosing-wave-w.png,32,48,8,10,no,16,47
npc-rosing-wave-sw.png,32,48,8,10,no,16,47
npc-rosing-cheer-s.png,32,48,8,10,no,16,47
npc-rosing-cheer-se.png,32,48,8,10,no,16,47
npc-rosing-cheer-e.png,32,48,8,10,no,16,47
npc-rosing-cheer-ne.png,32,48,8,10,no,16,47
npc-rosing-cheer-n.png,32,48,8,10,no,16,47
npc-rosing-cheer-nw.png,32,48,8,10,no,16,47
npc-rosing-cheer-w.png,32,48,8,10,no,16,47
npc-rosing-cheer-sw.png,32,48,8,10,no,16,47
npc-tanod-portrait.png,32,32,2,0,no,0,0
npc-marites-portrait.png,32,32,2,0,no,0,0
npc-nena-portrait.png,32,32,2,0,no,0,0
npc-puring-portrait.png,32,32,2,0,no,0,0
npc-tessie-portrait.png,32,32,2,0,no,0,0
npc-dolor-portrait.png,32,32,2,0,no,0,0
npc-bebang-portrait.png,32,32,2,0,no,0,0
npc-charing-portrait.png,32,32,2,0,no,0,0
npc-lourdes-portrait.png,32,32,2,0,no,0,0
npc-pacita-portrait.png,32,32,2,0,no,0,0
npc-rosing-portrait.png,32,32,2,0,no,0,0
npc-marites-sit-s.png,32,48,4,4,yes,16,47
npc-marites-fall-s.png,32,48,8,12,no,16,47
npc-marites-getup-s.png,32,48,6,10,no,16,47
npc-marites-sit-se.png,32,48,4,4,yes,16,47
npc-marites-fall-se.png,32,48,8,12,no,16,47
npc-marites-getup-se.png,32,48,6,10,no,16,47
npc-marites-sit-e.png,32,48,4,4,yes,16,47
npc-marites-fall-e.png,32,48,8,12,no,16,47
npc-marites-getup-e.png,32,48,6,10,no,16,47
npc-marites-sit-ne.png,32,48,4,4,yes,16,47
npc-marites-fall-ne.png,32,48,8,12,no,16,47
npc-marites-getup-ne.png,32,48,6,10,no,16,47
npc-marites-sit-n.png,32,48,4,4,yes,16,47
npc-marites-fall-n.png,32,48,8,12,no,16,47
npc-marites-getup-n.png,32,48,6,10,no,16,47
npc-marites-sit-nw.png,32,48,4,4,yes,16,47
npc-marites-fall-nw.png,32,48,8,12,no,16,47
npc-marites-getup-nw.png,32,48,6,10,no,16,47
npc-marites-sit-w.png,32,48,4,4,yes,16,47
npc-marites-fall-w.png,32,48,8,12,no,16,47
npc-marites-getup-w.png,32,48,6,10,no,16,47
npc-marites-sit-sw.png,32,48,4,4,yes,16,47
npc-marites-fall-sw.png,32,48,8,12,no,16,47
npc-marites-getup-sw.png,32,48,6,10,no,16,47
npc-nena-sit-s.png,32,48,4,4,yes,16,47
npc-nena-fall-s.png,32,48,8,12,no,16,47
npc-nena-getup-s.png,32,48,6,10,no,16,47
npc-nena-sit-se.png,32,48,4,4,yes,16,47
npc-nena-fall-se.png,32,48,8,12,no,16,47
npc-nena-getup-se.png,32,48,6,10,no,16,47
npc-nena-sit-e.png,32,48,4,4,yes,16,47
npc-nena-fall-e.png,32,48,8,12,no,16,47
npc-nena-getup-e.png,32,48,6,10,no,16,47
npc-nena-sit-ne.png,32,48,4,4,yes,16,47
npc-nena-fall-ne.png,32,48,8,12,no,16,47
npc-nena-getup-ne.png,32,48,6,10,no,16,47
npc-nena-sit-n.png,32,48,4,4,yes,16,47
npc-nena-fall-n.png,32,48,8,12,no,16,47
npc-nena-getup-n.png,32,48,6,10,no,16,47
npc-nena-sit-nw.png,32,48,4,4,yes,16,47
npc-nena-fall-nw.png,32,48,8,12,no,16,47
npc-nena-getup-nw.png,32,48,6,10,no,16,47
npc-nena-sit-w.png,32,48,4,4,yes,16,47
npc-nena-fall-w.png,32,48,8,12,no,16,47
npc-nena-getup-w.png,32,48,6,10,no,16,47
npc-nena-sit-sw.png,32,48,4,4,yes,16,47
npc-nena-fall-sw.png,32,48,8,12,no,16,47
npc-nena-getup-sw.png,32,48,6,10,no,16,47
npc-puring-sit-s.png,32,48,4,4,yes,16,47
npc-puring-fall-s.png,32,48,8,12,no,16,47
npc-puring-getup-s.png,32,48,6,10,no,16,47
npc-puring-sit-se.png,32,48,4,4,yes,16,47
npc-puring-fall-se.png,32,48,8,12,no,16,47
npc-puring-getup-se.png,32,48,6,10,no,16,47
npc-puring-sit-e.png,32,48,4,4,yes,16,47
npc-puring-fall-e.png,32,48,8,12,no,16,47
npc-puring-getup-e.png,32,48,6,10,no,16,47
npc-puring-sit-ne.png,32,48,4,4,yes,16,47
npc-puring-fall-ne.png,32,48,8,12,no,16,47
npc-puring-getup-ne.png,32,48,6,10,no,16,47
npc-puring-sit-n.png,32,48,4,4,yes,16,47
npc-puring-fall-n.png,32,48,8,12,no,16,47
npc-puring-getup-n.png,32,48,6,10,no,16,47
npc-puring-sit-nw.png,32,48,4,4,yes,16,47
npc-puring-fall-nw.png,32,48,8,12,no,16,47
npc-puring-getup-nw.png,32,48,6,10,no,16,47
npc-puring-sit-w.png,32,48,4,4,yes,16,47
npc-puring-fall-w.png,32,48,8,12,no,16,47
npc-puring-getup-w.png,32,48,6,10,no,16,47
npc-puring-sit-sw.png,32,48,4,4,yes,16,47
npc-puring-fall-sw.png,32,48,8,12,no,16,47
npc-puring-getup-sw.png,32,48,6,10,no,16,47
npc-tessie-sit-s.png,32,48,4,4,yes,16,47
npc-tessie-fall-s.png,32,48,8,12,no,16,47
npc-tessie-getup-s.png,32,48,6,10,no,16,47
npc-tessie-sit-se.png,32,48,4,4,yes,16,47
npc-tessie-fall-se.png,32,48,8,12,no,16,47
npc-tessie-getup-se.png,32,48,6,10,no,16,47
npc-tessie-sit-e.png,32,48,4,4,yes,16,47
npc-tessie-fall-e.png,32,48,8,12,no,16,47
npc-tessie-getup-e.png,32,48,6,10,no,16,47
npc-tessie-sit-ne.png,32,48,4,4,yes,16,47
npc-tessie-fall-ne.png,32,48,8,12,no,16,47
npc-tessie-getup-ne.png,32,48,6,10,no,16,47
npc-tessie-sit-n.png,32,48,4,4,yes,16,47
npc-tessie-fall-n.png,32,48,8,12,no,16,47
npc-tessie-getup-n.png,32,48,6,10,no,16,47
npc-tessie-sit-nw.png,32,48,4,4,yes,16,47
npc-tessie-fall-nw.png,32,48,8,12,no,16,47
npc-tessie-getup-nw.png,32,48,6,10,no,16,47
npc-tessie-sit-w.png,32,48,4,4,yes,16,47
npc-tessie-fall-w.png,32,48,8,12,no,16,47
npc-tessie-getup-w.png,32,48,6,10,no,16,47
npc-tessie-sit-sw.png,32,48,4,4,yes,16,47
npc-tessie-fall-sw.png,32,48,8,12,no,16,47
npc-tessie-getup-sw.png,32,48,6,10,no,16,47
npc-dolor-sit-s.png,32,48,4,4,yes,16,47
npc-dolor-fall-s.png,32,48,8,12,no,16,47
npc-dolor-getup-s.png,32,48,6,10,no,16,47
npc-dolor-sit-se.png,32,48,4,4,yes,16,47
npc-dolor-fall-se.png,32,48,8,12,no,16,47
npc-dolor-getup-se.png,32,48,6,10,no,16,47
npc-dolor-sit-e.png,32,48,4,4,yes,16,47
npc-dolor-fall-e.png,32,48,8,12,no,16,47
npc-dolor-getup-e.png,32,48,6,10,no,16,47
npc-dolor-sit-ne.png,32,48,4,4,yes,16,47
npc-dolor-fall-ne.png,32,48,8,12,no,16,47
npc-dolor-getup-ne.png,32,48,6,10,no,16,47
npc-dolor-sit-n.png,32,48,4,4,yes,16,47
npc-dolor-fall-n.png,32,48,8,12,no,16,47
npc-dolor-getup-n.png,32,48,6,10,no,16,47
npc-dolor-sit-nw.png,32,48,4,4,yes,16,47
npc-dolor-fall-nw.png,32,48,8,12,no,16,47
npc-dolor-getup-nw.png,32,48,6,10,no,16,47
npc-dolor-sit-w.png,32,48,4,4,yes,16,47
npc-dolor-fall-w.png,32,48,8,12,no,16,47
npc-dolor-getup-w.png,32,48,6,10,no,16,47
npc-dolor-sit-sw.png,32,48,4,4,yes,16,47
npc-dolor-fall-sw.png,32,48,8,12,no,16,47
npc-dolor-getup-sw.png,32,48,6,10,no,16,47
npc-bebang-sit-s.png,32,48,4,4,yes,16,47
npc-bebang-fall-s.png,32,48,8,12,no,16,47
npc-bebang-getup-s.png,32,48,6,10,no,16,47
npc-bebang-sit-se.png,32,48,4,4,yes,16,47
npc-bebang-fall-se.png,32,48,8,12,no,16,47
npc-bebang-getup-se.png,32,48,6,10,no,16,47
npc-bebang-sit-e.png,32,48,4,4,yes,16,47
npc-bebang-fall-e.png,32,48,8,12,no,16,47
npc-bebang-getup-e.png,32,48,6,10,no,16,47
npc-bebang-sit-ne.png,32,48,4,4,yes,16,47
npc-bebang-fall-ne.png,32,48,8,12,no,16,47
npc-bebang-getup-ne.png,32,48,6,10,no,16,47
npc-bebang-sit-n.png,32,48,4,4,yes,16,47
npc-bebang-fall-n.png,32,48,8,12,no,16,47
npc-bebang-getup-n.png,32,48,6,10,no,16,47
npc-bebang-sit-nw.png,32,48,4,4,yes,16,47
npc-bebang-fall-nw.png,32,48,8,12,no,16,47
npc-bebang-getup-nw.png,32,48,6,10,no,16,47
npc-bebang-sit-w.png,32,48,4,4,yes,16,47
npc-bebang-fall-w.png,32,48,8,12,no,16,47
npc-bebang-getup-w.png,32,48,6,10,no,16,47
npc-bebang-sit-sw.png,32,48,4,4,yes,16,47
npc-bebang-fall-sw.png,32,48,8,12,no,16,47
npc-bebang-getup-sw.png,32,48,6,10,no,16,47
npc-charing-sit-s.png,32,48,4,4,yes,16,47
npc-charing-fall-s.png,32,48,8,12,no,16,47
npc-charing-getup-s.png,32,48,6,10,no,16,47
npc-charing-sit-se.png,32,48,4,4,yes,16,47
npc-charing-fall-se.png,32,48,8,12,no,16,47
npc-charing-getup-se.png,32,48,6,10,no,16,47
npc-charing-sit-e.png,32,48,4,4,yes,16,47
npc-charing-fall-e.png,32,48,8,12,no,16,47
npc-charing-getup-e.png,32,48,6,10,no,16,47
npc-charing-sit-ne.png,32,48,4,4,yes,16,47
npc-charing-fall-ne.png,32,48,8,12,no,16,47
npc-charing-getup-ne.png,32,48,6,10,no,16,47
npc-charing-sit-n.png,32,48,4,4,yes,16,47
npc-charing-fall-n.png,32,48,8,12,no,16,47
npc-charing-getup-n.png,32,48,6,10,no,16,47
npc-charing-sit-nw.png,32,48,4,4,yes,16,47
npc-charing-fall-nw.png,32,48,8,12,no,16,47
npc-charing-getup-nw.png,32,48,6,10,no,16,47
npc-charing-sit-w.png,32,48,4,4,yes,16,47
npc-charing-fall-w.png,32,48,8,12,no,16,47
npc-charing-getup-w.png,32,48,6,10,no,16,47
npc-charing-sit-sw.png,32,48,4,4,yes,16,47
npc-charing-fall-sw.png,32,48,8,12,no,16,47
npc-charing-getup-sw.png,32,48,6,10,no,16,47
npc-lourdes-sit-s.png,32,48,4,4,yes,16,47
npc-lourdes-fall-s.png,32,48,8,12,no,16,47
npc-lourdes-getup-s.png,32,48,6,10,no,16,47
npc-lourdes-sit-se.png,32,48,4,4,yes,16,47
npc-lourdes-fall-se.png,32,48,8,12,no,16,47
npc-lourdes-getup-se.png,32,48,6,10,no,16,47
npc-lourdes-sit-e.png,32,48,4,4,yes,16,47
npc-lourdes-fall-e.png,32,48,8,12,no,16,47
npc-lourdes-getup-e.png,32,48,6,10,no,16,47
npc-lourdes-sit-ne.png,32,48,4,4,yes,16,47
npc-lourdes-fall-ne.png,32,48,8,12,no,16,47
npc-lourdes-getup-ne.png,32,48,6,10,no,16,47
npc-lourdes-sit-n.png,32,48,4,4,yes,16,47
npc-lourdes-fall-n.png,32,48,8,12,no,16,47
npc-lourdes-getup-n.png,32,48,6,10,no,16,47
npc-lourdes-sit-nw.png,32,48,4,4,yes,16,47
npc-lourdes-fall-nw.png,32,48,8,12,no,16,47
npc-lourdes-getup-nw.png,32,48,6,10,no,16,47
npc-lourdes-sit-w.png,32,48,4,4,yes,16,47
npc-lourdes-fall-w.png,32,48,8,12,no,16,47
npc-lourdes-getup-w.png,32,48,6,10,no,16,47
npc-lourdes-sit-sw.png,32,48,4,4,yes,16,47
npc-lourdes-fall-sw.png,32,48,8,12,no,16,47
npc-lourdes-getup-sw.png,32,48,6,10,no,16,47
npc-pacita-sit-s.png,32,48,4,4,yes,16,47
npc-pacita-fall-s.png,32,48,8,12,no,16,47
npc-pacita-getup-s.png,32,48,6,10,no,16,47
npc-pacita-sit-se.png,32,48,4,4,yes,16,47
npc-pacita-fall-se.png,32,48,8,12,no,16,47
npc-pacita-getup-se.png,32,48,6,10,no,16,47
npc-pacita-sit-e.png,32,48,4,4,yes,16,47
npc-pacita-fall-e.png,32,48,8,12,no,16,47
npc-pacita-getup-e.png,32,48,6,10,no,16,47
npc-pacita-sit-ne.png,32,48,4,4,yes,16,47
npc-pacita-fall-ne.png,32,48,8,12,no,16,47
npc-pacita-getup-ne.png,32,48,6,10,no,16,47
npc-pacita-sit-n.png,32,48,4,4,yes,16,47
npc-pacita-fall-n.png,32,48,8,12,no,16,47
npc-pacita-getup-n.png,32,48,6,10,no,16,47
npc-pacita-sit-nw.png,32,48,4,4,yes,16,47
npc-pacita-fall-nw.png,32,48,8,12,no,16,47
npc-pacita-getup-nw.png,32,48,6,10,no,16,47
npc-pacita-sit-w.png,32,48,4,4,yes,16,47
npc-pacita-fall-w.png,32,48,8,12,no,16,47
npc-pacita-getup-w.png,32,48,6,10,no,16,47
npc-pacita-sit-sw.png,32,48,4,4,yes,16,47
npc-pacita-fall-sw.png,32,48,8,12,no,16,47
npc-pacita-getup-sw.png,32,48,6,10,no,16,47
npc-rosing-sit-s.png,32,48,4,4,yes,16,47
npc-rosing-fall-s.png,32,48,8,12,no,16,47
npc-rosing-getup-s.png,32,48,6,10,no,16,47
npc-rosing-sit-se.png,32,48,4,4,yes,16,47
npc-rosing-fall-se.png,32,48,8,12,no,16,47
npc-rosing-getup-se.png,32,48,6,10,no,16,47
npc-rosing-sit-e.png,32,48,4,4,yes,16,47
npc-rosing-fall-e.png,32,48,8,12,no,16,47
npc-rosing-getup-e.png,32,48,6,10,no,16,47
npc-rosing-sit-ne.png,32,48,4,4,yes,16,47
npc-rosing-fall-ne.png,32,48,8,12,no,16,47
npc-rosing-getup-ne.png,32,48,6,10,no,16,47
npc-rosing-sit-n.png,32,48,4,4,yes,16,47
npc-rosing-fall-n.png,32,48,8,12,no,16,47
npc-rosing-getup-n.png,32,48,6,10,no,16,47
npc-rosing-sit-nw.png,32,48,4,4,yes,16,47
npc-rosing-fall-nw.png,32,48,8,12,no,16,47
npc-rosing-getup-nw.png,32,48,6,10,no,16,47
npc-rosing-sit-w.png,32,48,4,4,yes,16,47
npc-rosing-fall-w.png,32,48,8,12,no,16,47
npc-rosing-getup-w.png,32,48,6,10,no,16,47
npc-rosing-sit-sw.png,32,48,4,4,yes,16,47
npc-rosing-fall-sw.png,32,48,8,12,no,16,47
npc-rosing-getup-sw.png,32,48,6,10,no,16,47
