anim,dir,frame,src_walk_ready_frame,head_dx,head_dy,torso_dx,torso_dy,butt_dx,lift,scale_x,scale_y,legs_from
idle-ready,se,0,4,0,0,0,0,0,0,1.0,1.0,idle-se-0
idle-ready,se,1,4,0,0,0,0,0,0,1.0,1.0,idle-se-0
idle-ready,se,2,4,0,1,0,1,0,0,1.0,1.0,idle-se-0
idle-ready,se,3,4,0,2,0,2,0,0,1.0,1.0,idle-se-0
idle-ready,se,4,4,0,1,0,1,0,0,1.0,1.0,idle-se-0
idle-ready,se,5,4,0,0,0,0,0,0,1.0,1.0,idle-se-0
idle-ready,e,0,4,0,0,0,0,0,0,1.0,1.0,idle-se-0
idle-ready,e,1,4,0,0,0,0,0,0,1.0,1.0,idle-se-0
idle-ready,e,2,4,0,1,0,1,0,0,1.0,1.0,idle-se-0
idle-ready,e,3,4,0,2,0,2,0,0,1.0,1.0,idle-se-0
idle-ready,e,4,4,0,1,0,1,0,0,1.0,1.0,idle-se-0
idle-ready,e,5,4,0,0,0,0,0,0,1.0,1.0,idle-se-0
idle-ready,s,0,1,0,0,0,0,0,0,1.0,1.0,idle-s-0
idle-ready,s,1,1,0,0,0,0,0,0,1.0,1.0,idle-s-0
idle-ready,s,2,1,0,1,0,1,0,0,1.0,1.0,idle-s-0
idle-ready,s,3,1,0,2,0,2,0,0,1.0,1.0,idle-s-0
idle-ready,s,4,1,0,1,0,1,0,0,1.0,1.0,idle-s-0
idle-ready,s,5,1,0,0,0,0,0,0,1.0,1.0,idle-s-0
idle-ready,sw,0,4,0,0,0,0,0,0,1.0,1.0,idle-se-0-mirrored
idle-ready,sw,1,4,0,0,0,0,0,0,1.0,1.0,idle-se-0-mirrored
idle-ready,sw,2,4,0,1,0,1,0,0,1.0,1.0,idle-se-0-mirrored
idle-ready,sw,3,4,0,2,0,2,0,0,1.0,1.0,idle-se-0-mirrored
idle-ready,sw,4,4,0,1,0,1,0,0,1.0,1.0,idle-se-0-mirrored
idle-ready,sw,5,4,0,0,0,0,0,0,1.0,1.0,idle-se-0-mirrored
idle-ready,w,0,4,0,0,0,0,0,0,1.0,1.0,idle-se-0-mirrored
idle-ready,w,1,4,0,0,0,0,0,0,1.0,1.0,idle-se-0-mirrored
idle-ready,w,2,4,0,1,0,1,0,0,1.0,1.0,idle-se-0-mirrored
idle-ready,w,3,4,0,2,0,2,0,0,1.0,1.0,idle-se-0-mirrored
idle-ready,w,4,4,0,1,0,1,0,0,1.0,1.0,idle-se-0-mirrored
idle-ready,w,5,4,0,0,0,0,0,0,1.0,1.0,idle-se-0-mirrored
idle-ready,nw,0,1,0,0,0,0,0,0,1.0,1.0,idle-ne-0-mirrored
idle-ready,nw,1,1,0,0,0,0,0,0,1.0,1.0,idle-ne-0-mirrored
idle-ready,nw,2,1,0,1,0,1,0,0,1.0,1.0,idle-ne-0-mirrored
idle-ready,nw,3,1,0,2,0,2,0,0,1.0,1.0,idle-ne-0-mirrored
idle-ready,nw,4,1,0,1,0,1,0,0,1.0,1.0,idle-ne-0-mirrored
idle-ready,nw,5,1,0,0,0,0,0,0,1.0,1.0,idle-ne-0-mirrored
idle-ready,n,0,1,0,0,0,0,0,0,1.0,1.0,idle-n-0
idle-ready,n,1,1,0,0,0,0,0,0,1.0,1.0,idle-n-0
idle-ready,n,2,1,0,1,0,1,0,0,1.0,1.0,idle-n-0
idle-ready,n,3,1,0,2,0,2,0,0,1.0,1.0,idle-n-0
idle-ready,n,4,1,0,1,0,1,0,0,1.0,1.0,idle-n-0
idle-ready,n,5,1,0,0,0,0,0,0,1.0,1.0,idle-n-0
idle-ready,ne,0,1,0,0,0,0,0,0,1.0,1.0,idle-ne-0
idle-ready,ne,1,1,0,0,0,0,0,0,1.0,1.0,idle-ne-0
idle-ready,ne,2,1,0,1,0,1,0,0,1.0,1.0,idle-ne-0
idle-ready,ne,3,1,0,2,0,2,0,0,1.0,1.0,idle-ne-0
idle-ready,ne,4,1,0,1,0,1,0,0,1.0,1.0,idle-ne-0
idle-ready,ne,5,1,0,0,0,0,0,0,1.0,1.0,idle-ne-0
