class,anim,dir,frame,fx_start,x,y
greatstick,buff-cast,se,0,,29,46
greatstick,buff-cast,se,1,,30,42
greatstick,buff-cast,se,2,,23,38
greatstick,buff-cast,se,3,,23,37
greatstick,buff-cast,se,4,yes,23,35
greatstick,buff-cast,se,5,,23,35
greatstick,buff-cast,se,6,,23,35
greatstick,buff-cast,se,7,,23,38
greatstick,buff-cast,se,8,,30,42
greatstick,buff-cast,se,9,,29,46
greatstick,buff-cast,s,0,,27,48
greatstick,buff-cast,s,1,,29,43
greatstick,buff-cast,s,2,,21,38
greatstick,buff-cast,s,3,,20,38
greatstick,buff-cast,s,4,yes,20,36
greatstick,buff-cast,s,5,,20,36
greatstick,buff-cast,s,6,,20,36
greatstick,buff-cast,s,7,,21,38
greatstick,buff-cast,s,8,,29,43
greatstick,buff-cast,s,9,,27,48
greatstick,buff-cast,sw,0,,34,46
greatstick,buff-cast,sw,1,,33,42
greatstick,buff-cast,sw,2,,40,38
greatstick,buff-cast,sw,3,,40,37
greatstick,buff-cast,sw,4,yes,40,35
greatstick,buff-cast,sw,5,,40,35
greatstick,buff-cast,sw,6,,40,35
greatstick,buff-cast,sw,7,,40,38
greatstick,buff-cast,sw,8,,33,42
greatstick,buff-cast,sw,9,,34,46
greatstick,buff-cast,ne,0,,40,46
greatstick,buff-cast,ne,1,,37,42
greatstick,buff-cast,ne,2,,43,37
greatstick,buff-cast,ne,3,,44,37
greatstick,buff-cast,ne,4,yes,44,35
greatstick,buff-cast,ne,5,,44,35
greatstick,buff-cast,ne,6,,44,35
greatstick,buff-cast,ne,7,,43,37
greatstick,buff-cast,ne,8,,37,42
greatstick,buff-cast,ne,9,,40,46
greatstick,buff-cast,n,0,,40,46
greatstick,buff-cast,n,1,,37,42
greatstick,buff-cast,n,2,,43,37
greatstick,buff-cast,n,3,,44,37
greatstick,buff-cast,n,4,yes,44,35
greatstick,buff-cast,n,5,,44,35
greatstick,buff-cast,n,6,,44,35
greatstick,buff-cast,n,7,,43,37
greatstick,buff-cast,n,8,,37,42
greatstick,buff-cast,n,9,,40,46
greatstick,buff-cast,nw,0,,23,46
greatstick,buff-cast,nw,1,,26,42
greatstick,buff-cast,nw,2,,20,37
greatstick,buff-cast,nw,3,,19,37
greatstick,buff-cast,nw,4,yes,19,35
greatstick,buff-cast,nw,5,,19,35
greatstick,buff-cast,nw,6,,19,35
greatstick,buff-cast,nw,7,,20,37
greatstick,buff-cast,nw,8,,26,42
greatstick,buff-cast,nw,9,,23,46
greatstick,buff-cast,e,0,,29,46
greatstick,buff-cast,e,1,,30,42
greatstick,buff-cast,e,2,,23,38
greatstick,buff-cast,e,3,,23,37
greatstick,buff-cast,e,4,yes,23,35
greatstick,buff-cast,e,5,,23,35
greatstick,buff-cast,e,6,,23,35
greatstick,buff-cast,e,7,,23,38
greatstick,buff-cast,e,8,,30,42
greatstick,buff-cast,e,9,,29,46
greatstick,buff-cast,w,0,,34,46
greatstick,buff-cast,w,1,,33,42
greatstick,buff-cast,w,2,,40,38
greatstick,buff-cast,w,3,,40,37
greatstick,buff-cast,w,4,yes,40,35
greatstick,buff-cast,w,5,,40,35
greatstick,buff-cast,w,6,,40,35
greatstick,buff-cast,w,7,,40,38
greatstick,buff-cast,w,8,,33,42
greatstick,buff-cast,w,9,,34,46
